1, Amrou Scout
2, Amrou Seekers
3, Angel's Grace
4, Benalish Cavalry
5, Castle Raptors
7, Celestial Crusader
8, Children of Korlis
14, Duskrider Peregrine
19, Fortify
23, Icatian Crier
24, Ivory Giant
26, Knight of the Holy Nimbus
27, Magus of the Disk
28, Mangara of Corondor
31, Outrider en-Kor
32, Pentarch Paladin
38, Restore Balance
39, Return to Dust
40, Serra Avenger
41, Sidewinder Sliver
42, Spirit Loop
43, Temporal Isolation
45, Watcher Sliver
48, Ancestral Vision
49, Bewilder
54, Coral Trickster
55, Crooklaw Transmuter
56, Deep-Sea Kraken
57, Draining Whelk 
59, Drifter il-Dal
60, Errant Ephemeron
61, Eternity Snare
62, Fathom Seer
65, Ixidron
66, Looter il-Kor
70, Ophidian Eye
71, Paradox Haze
80, Spiketail Drakeling
82, Stormcloud Djinn
88, Trickbind
93, Walk the Aeons
95, Assassinate
96, Basal Sliver
98, Corpulent Corpse
99, Curse of the Cabal
101, Dark Withering
102, Deathspore Thallid
103, Demonic Collusion
106, Endrek Sahr Master Breeder
107, Evil Eye Urborg
108, Faceless Devourer
109, Fallen Ideal
110, Feebleness
111, Gorgon Recluse
112, Haunting Hymn
114, Lim-Dul the Necromancer
115, Living End
116, Magus of the Mirror
120, Nether Traitor
121, Nightshade Assassin
122, Phthisis
125, Premature Burial
126, Psychotic Episode
131, Smallpox
132, Strangling Soot
133, Stronghold Overseer
136, Tendrils of Corrupstion
138, Trespasser il-Vec
139, Urborg Syphon-Mage
144, Barbed Shocker
148, Bogarden Ranger
149, Bonesplitter Sliver
150, Coal Stoker
151, Conflagrate
153, Firemaw Kavu
156, Fortune Thief
161, Greater Gargadon
163, Ib Halfheart Goblic Tactician
166, Jaya Ballard Task Mage
167, Keldon Helberdier
168, Lightning Axe
171, Norin the Wary
172, Orcish Cannonade
173, Pardin Dragon
175, Reiterate
182, Thick-Skinned Goblin
183, Two-Headed Sliver
184, Undying Rage
187, Wheel of Fate
190, Ashcoat Bear
191, Aspect of Mongoose
193, Durkwood Blaloth
195, Fungus Sliver
196, Gemhide Sliver
199, Havenwood Wurm
201, Hypergenesis
204, Might of Old Krosa
205, Might Sliver
208, Nantuko Shaman
210, Penumbra Spider
211, Phantom Wurm
212, Primal Forcemage
220, Sporesower Thallid
224, Strength in Numbers
225, Thallid Germinator
226, Thallid Shell-Dweller
228, Thelonite Hermit
234, Wurmcalling
235, Yavimaya Dryad
241, Ith High Arcanist
242, Kaervek the Merciless
245, Saffi Eriksdotter
246, Scion of the Ur-Dragon
251, Chromatic Star
253, Clockwork Hydra
255, Gauntlet of Power
257, Jhoira's Timebug
259, Lotus Bloom
260, Paradise Plume
264, Stuffy Doll
269, Academy Ruins
272, Flagstones of Trokair
274, Gemstone Caverns
275, Kher Keep
276, Molten Slagheap
278, Swarmyard
279, Terramorphic Expanse
281, Vesuva
283, Plains
284, Plains
285, Plains
286, Plains
288, Island
289, Island
293, Swamp
295, Mountain
298, Forest
299, Forest
300, Forest
301, Forest
